<?xml version="1.0" encoding="UTF-8" ?>
<module>
    <name>straal</name>
    <displayName><![CDATA[Straal]]></displayName>
    <version><![CDATA[1.2.5]]></version>
    <description><![CDATA[Straal Module for Payments online]]></description>
    <author><![CDATA[Trigenius]]></author>
    <tab><![CDATA[payments_gateways]]></tab>
	<confirmUninstall><![CDATA[¿Do you want to uninstall straal module?]]></confirmUninstall>
    <is_configurable>1</is_configurable>
    <need_instance>1</need_instance>
	<limited_countries></limited_countries>
</module>